source_id,title,publisher,published_at,accessed_at,url,authority_level,supports_claim,limitations
SRC-01,"Collision Between Vehicle Controlled by Developmental Automated Driving System and Pedestrian, Tempe, Arizona","National Transportation Safety Board",2019-11-19,2026-08-24,https://www.ntsb.gov/investigations/AccidentReports/Reports/HAR1903.pdf,primary-official,"NTSB xác định vụ va chạm tại Tempe năm 2018 có liên quan đến xe thử nghiệm ADS và nêu việc giám sát người vận hành, đánh giá rủi ro an toàn, hoạt động giám sát và sự chủ quan do tự động hóa là các vấn đề góp phần.","Báo cáo này phân tích một vụ va chạm tại Hoa Kỳ; nó không xác lập hiệu năng của bất kỳ hệ thống AV tương lai hay thí điểm nào tại Việt Nam."
SRC-02,"Recall Query RQ24009: Tesla Autopilot System Driver Controls","National Highway Traffic Safety Administration",2024-04-26,2026-08-24,https://static.nhtsa.gov/odi/inv/2024/INOA-RQ24009-12046.pdf,primary-official,"NHTSA mở điều tra truy vấn thu hồi để đánh giá hiệu quả biện pháp khắc phục sau khi nhận diện các quan ngại hậu khắc phục và các vụ va chạm có dấu hiệu liên quan đến việc người lái sử dụng sai hệ thống trong điều tra trước đó.","Một điều tra truy vấn thu hồi đang mở không phải là kết luận cuối cùng về nguyên nhân của từng vụ va chạm hoặc về hệ thống của một nhà phát triển khác."
SRC-03,"DMV Statement on Cruise LLC Suspension","California Department of Motor Vehicles",2023-10-24,2026-08-24,https://www.dmv.ca.gov/portal/news-and-media/dmv-statement-on-cruise-llc-suspension/,primary-official,"California DMV đình chỉ ngay lập tức giấy phép triển khai và thử nghiệm không có tài xế của Cruise, viện dẫn rủi ro an toàn công cộng và các quan ngại về thông tin an toàn.","Đây là biện pháp của cơ quan quản lý; tự nó không xác lập nguyên nhân kỹ thuật gốc rễ hoặc khái quát hóa sang các thí điểm có tài xế giám sát."
SRC-04,"Cruise incident enforcement decision","California Public Utilities Commission",2024-06-20,2026-08-24,https://docs.cpuc.ca.gov/PublishedDocs/Published/G000/M536/K692/536692537.pdf,primary-official,"Hồ sơ CPUC mô tả việc Cruise tạm dừng hoạt động trên toàn quốc và biện pháp phần mềm cho phản ứng sau va chạm sau sự cố tháng 10 năm 2023.","Tài liệu của ủy ban chỉ liên quan đến hoạt động của một công ty và không nên được coi là chuẩn an toàn AV phổ quát."
SRC-05,"Regulation (EU) 2024/1689: Artificial Intelligence Act","Official Journal of the European Union",2024-07-12,2026-08-24,https://eur-lex.europa.eu/eli/reg/2024/1689/oj?locale=en,primary-official,"Điều 6 quy định các quy tắc phân loại rủi ro cao đối với hệ thống AI được dự kiến dùng làm thành phần an toàn của sản phẩm thuộc danh mục pháp luật hài hòa của Liên minh.","Khả năng áp dụng phụ thuộc vào mục đích dự kiến, phạm vi pháp luật về sản phẩm, việc đưa ra thị trường và các mốc thời gian; đây không phải ý kiến pháp lý cho thí điểm này."
SRC-06,"Decree No. 13/2023/ND-CP on Personal Data Protection","Government of Vietnam",2023-04-17,2026-08-24,https://vanban.chinhphu.vn/?docid=207759&pageid=27160,primary-official,"Chính phủ Việt Nam đã ban hành Nghị định 13/2023/NĐ-CP về bảo vệ dữ liệu cá nhân, là bối cảnh lịch sử liên quan khi đánh giá luồng dữ liệu đo từ xa và dữ liệu gần với video.","Không được chỉ dùng nghị định này để xác định vai trò kiểm soát dữ liệu, sự đồng ý, lưu giữ, chuyển dữ liệu hoặc nghĩa vụ giao thông hiện hành của sản phẩm."
SRC-07,"Artificial Intelligence Risk Management Framework (AI RMF 1.0)","National Institute of Standards and Technology",2023-01-26,2026-08-24,https://nvlpubs.nist.gov/nistpubs/ai/NIST.AI.100-1.pdf,primary-official,"NIST AI RMF mô tả các hoạt động quản trị, lập bản đồ, đo lường và quản lý cho quản trị rủi ro AI đáng tin cậy.","Khung tự nguyện này không phải chứng nhận và không tự chứng minh một biện pháp kiểm soát có hiệu quả."
SRC-08,"Law No. 134/2025/QH15 on Artificial Intelligence","Government of Vietnam",2025-12-10,2026-08-24,https://vanban.chinhphu.vn/?classid=1&docid=216334&pageid=27160&typegroupid=3,primary-official,"Luật AI của Việt Nam là nguồn chính thức hiện hành để đánh giá các nghĩa vụ có thể phát sinh từ mục đích sử dụng cuối cùng, phân loại hệ thống AI, vai trò nhà cung cấp hoặc bên triển khai và các thực tế triển khai của SafeRoute.","Nhóm rủi ro cuối cùng, vai trò nhà cung cấp hoặc bên triển khai và nghĩa vụ cụ thể phụ thuộc vào việc tích hợp phương tiện và mục đích dự kiến cuối cùng của SafeRoute; nguồn này không phải ý kiến pháp lý."
SRC-09,"Decision No. 33/2026/QD-TTg: List of High-Risk AI Systems","Government of Vietnam",2026-06-30,2026-08-24,https://vanban.chinhphu.vn/?classid=1&docid=218658&orggroupid=3&pageid=27160,primary-official,"Danh mục rủi ro cao của Việt Nam bao gồm AI trong giao thông điều khiển phương tiện tự hành cấp cao không cần giám sát liên tục của con người hoặc có đầu ra trực tiếp điều khiển hành vi của phương tiện.","SafeRoute được mô tả là hệ thống hỗ trợ quyết định, có tài xế an toàn giám sát liên tục và không phát lệnh điều khiển phương tiện; do đó cần rà soát pháp lý để xác định hệ thống tích hợp cuối cùng có thuộc nhóm này hay không và áp dụng lộ trình đánh giá sự phù hợp nào."
SRC-10,"Law No. 91/2025/QH15 on Personal Data Protection","Government of Vietnam",2025-06-26,2026-08-24,https://vanban.chinhphu.vn/?classid=1&docid=214590&pageid=27160,primary-official,"Luật Bảo vệ dữ liệu cá nhân của Việt Nam là nguồn chính thức hiện hành để rà soát các luồng dữ liệu đo từ xa, nhãn suy ra từ camera, dữ liệu tài xế an toàn, lưu giữ và chuyển dữ liệu của SafeRoute.","Sự tồn tại của luật không tự xác định vai trò kiểm soát dữ liệu, cơ sở xử lý hợp pháp, thời hạn lưu giữ, thực tế chuyển dữ liệu hoặc biện pháp kỹ thuật cụ thể của SafeRoute; các điểm này cần được rà soát pháp lý theo hệ thống cụ thể."
SRC-11,"Driver Visual Attention Before and After Take-Over Requests During Automated Driving on Public Roads","Human Factors",2024-02-01,2026-08-24,https://pubmed.ncbi.nlm.nih.gov/35708240/,primary-peer-reviewed,"Trong nghiên cứu Wizard-of-Oz trên đường công cộng với 30 người tham gia, sự chú ý về phía trước đường không trở lại mức khi lái thủ công cho đến sau 15 giây kể từ yêu cầu tiếp quản; chỉ xác nhận cảnh báo không chứng minh đã sẵn sàng.","Nghiên cứu Wizard-of-Oz quy mô nhỏ này không đưa ra ngưỡng thời gian tiếp quản phổ quát và không đánh giá SafeRoute, việc thử nghiệm ADS phát triển hoặc quy trình vận hành được đề xuất."
SRC-12,"Decree No. 356/2025/ND-CP detailing the Personal Data Protection Law","Government of Vietnam",2025-12-31,2026-08-24,https://congbao.chinhphu.vn/van-ban/nghi-dinh-so-356-2025-nd-cp-468371.htm,primary-official,"Nghị định 356/2025/NĐ-CP của Việt Nam quy định chi tiết một số điều và biện pháp thi hành Luật Bảo vệ dữ liệu cá nhân, có hiệu lực từ 2026-01-01.","Tên nghị định và ngày có hiệu lực không giải quyết vai trò kiểm soát dữ liệu, thực tế luồng dữ liệu hoặc nghĩa vụ cụ thể của SafeRoute nếu chưa rà soát pháp lý hệ thống cuối cùng."
SRC-13,"Dissecting racial bias in an algorithm used to manage the health of populations","Science / National Library of Medicine",2019-10-25,2026-08-24,https://pubmed.ncbi.nlm.nih.gov/31649194/,primary-peer-reviewed,"Nghiên cứu cho thấy một thuật toán quản lý sức khỏe được dùng rộng rãi, dự báo chi phí thay vì mức độ bệnh, tạo ra thiên lệch chủng tộc; thay đổi mục tiêu sẽ tăng tỷ lệ bệnh nhân Da đen nhận thêm hỗ trợ từ 17,7% lên 46,5%.","Nghiên cứu liên quan đến một thuật toán thương mại và bối cảnh quản lý chăm sóc cụ thể, không phải trợ lý hội thoại phân luồng triệu chứng hoặc mọi quần thể."
SRC-14,"FCC fines man behind election interference scheme $6 million for sending illegal robocalls that used deepfake generative AI technology","Federal Communications Commission",2024-09-26,2026-08-24,https://docs.fcc.gov/public/attachments/DOC-405811A1.pdf,primary-official,"FCC đã thông qua khoản phạt 6 triệu USD đối với Steve Kramer vì các cuộc gọi tự động giả mạo trái phép dùng bản sao giọng nói do AI tạo ra của Tổng thống Biden để bảo cử tri sơ bộ tại New Hampshire không đi bầu.","Đây là biện pháp thực thi viễn thông cụ thể của Hoa Kỳ; nó không ước tính số phiếu bị thay đổi hoặc xác lập nghĩa vụ cho nguyên mẫu tóm tắt văn bản tại Việt Nam."
